row,col,raw,plateid,query,array,normalized,score,supp
1,1,2677,1,1,1,NA,NA,-
1,2,1960,1,1,1,NA,NA,-
1,3,1919,1,1,17,NA,NA,-
1,4,1807,1,1,17,NA,NA,-
1,5,1798,1,1,33,NA,NA,-
1,6,1852,1,1,33,NA,NA,-
1,7,1564,1,1,49,NA,NA,-
1,8,1638,1,1,49,NA,NA,-
1,9,1894,1,1,65,NA,NA,-
1,10,1583,1,1,65,NA,NA,-
1,11,1755,1,1,81,NA,NA,-
1,12,1559,1,1,81,NA,NA,-
1,13,1413,1,1,97,NA,NA,-
1,14,1531,1,1,97,NA,NA,-
1,15,1618,1,1,113,NA,NA,-
1,16,1587,1,1,113,NA,NA,-
1,17,1430,1,1,129,NA,NA,-
1,18,1782,1,1,129,NA,NA,-
1,19,1672,1,1,145,NA,NA,-
1,20,1793,1,1,145,NA,NA,-
1,21,1906,1,1,161,NA,NA,-
1,22,1966,1,1,161,NA,NA,-
1,23,1985,1,1,177,NA,NA,-
1,24,2074,1,1,177,NA,NA,-
1,25,1953,1,1,193,NA,NA,-
1,26,2142,1,1,193,NA,NA,-
1,27,2222,1,1,209,NA,NA,-
1,28,2164,1,1,209,NA,NA,-
1,29,2095,1,1,225,NA,NA,-
1,30,2203,1,1,225,NA,NA,-
1,31,1884,1,1,241,NA,NA,-
1,32,2126,1,1,241,NA,NA,-
1,33,1991,1,1,257,NA,NA,-
1,34,1998,1,1,257,NA,NA,-
1,35,1886,1,1,273,NA,NA,-
1,36,1712,1,1,273,NA,NA,-
1,37,1660,1,1,289,NA,NA,-
1,38,1808,1,1,289,NA,NA,-
1,39,1424,1,1,305,NA,NA,-
1,40,1430,1,1,305,NA,NA,-
1,41,1592,1,1,321,NA,NA,-
1,42,1725,1,1,321,NA,NA,-
1,43,1554,1,1,337,NA,NA,-
1,44,1632,1,1,337,NA,NA,-
1,45,1810,1,1,353,NA,NA,-
1,46,1745,1,1,353,NA,NA,-
1,47,1857,1,1,369,NA,NA,-
1,48,2288,1,1,369,NA,NA,-
2,1,1930,1,1,1,NA,NA,-
2,2,1078,1,1,1,NA,NA,-
2,3,1616,1,1,17,NA,NA,-
2,4,1638,1,1,17,NA,NA,-
2,5,1587,1,1,33,NA,NA,-
2,6,1417,1,1,33,NA,NA,-
2,7,1732,1,1,49,NA,NA,-
2,8,1240,1,1,49,NA,NA,-
2,9,1596,1,1,65,NA,NA,-
2,10,1661,1,1,65,NA,NA,-
2,11,1404,1,1,81,NA,NA,-
2,12,1428,1,1,81,NA,NA,-
2,13,1605,1,1,97,NA,NA,-
2,14,1477,1,1,97,NA,NA,-
2,15,1639,1,1,113,NA,NA,-
2,16,1521,1,1,113,NA,NA,-
2,17,1631,1,1,129,NA,NA,-
2,18,1571,1,1,129,NA,NA,-
2,19,1508,1,1,145,NA,NA,-
2,20,1348,1,1,145,NA,NA,-
2,21,1598,1,1,161,NA,NA,-
2,22,1652,1,1,161,NA,NA,-
2,23,1651,1,1,177,NA,NA,-
2,24,1568,1,1,177,NA,NA,-
2,25,1610,1,1,193,NA,NA,-
2,26,1515,1,1,193,NA,NA,-
2,27,1660,1,1,209,NA,NA,-
2,28,1584,1,1,209,NA,NA,-
2,29,1412,1,1,225,NA,NA,-
2,30,1744,1,1,225,NA,NA,-
2,31,1590,1,1,241,NA,NA,-
2,32,1610,1,1,241,NA,NA,-
2,33,1606,1,1,257,NA,NA,-
2,34,1669,1,1,257,NA,NA,-
2,35,1557,1,1,273,NA,NA,-
2,36,1473,1,1,273,NA,NA,-
2,37,1442,1,1,289,NA,NA,-
2,38,1497,1,1,289,NA,NA,-
2,39,1219,1,1,305,NA,NA,-
2,40,1383,1,1,305,NA,NA,-
2,41,1344,1,1,321,NA,NA,-
2,42,1323,1,1,321,NA,NA,-
2,43,1460,1,1,337,NA,NA,-
2,44,1281,1,1,337,NA,NA,-
2,45,1288,1,1,353,NA,NA,-
2,46,1261,1,1,353,NA,NA,-
2,47,1142,1,1,369,NA,NA,-
2,48,1695,1,1,369,NA,NA,-
3,1,2167,1,1,2,NA,NA,-
3,2,1739,1,1,2,NA,NA,-
3,3,1865,1,1,18,NA,NA,-
3,4,1574,1,1,18,545.79,-0.033,-
3,5,1420,1,1,34,491.843,-0.081,-
3,6,1575,1,1,34,530.448,-0.005,-
3,7,1469,1,1,50,486.153,-0.041,-
3,8,1540,1,1,50,497.276,-0.019,-
3,9,1534,1,1,66,494.062,-0.003,-
3,10,1670,1,1,66,NA,NA,-
3,11,1606,1,1,82,529.382,0.019,-
3,12,1323,1,1,82,NA,NA,-
3,13,1610,1,1,98,527.332,0.059,-
3,14,1660,1,1,98,536.084,0.076,-
3,15,1659,1,1,114,534.956,0.028,-
3,16,1718,1,1,114,552.698,0.063,-
3,17,1471,1,1,130,461.761,-0.107,-
3,18,1702,1,1,130,542.122,0.05,-
3,19,1317,1,1,146,NA,NA,-
3,20,1593,1,1,146,508.004,-0.048,-
3,21,1677,1,1,162,525.621,0.087,-
3,22,1501,1,1,162,458.244,-0.045,-
3,23,1730,1,1,178,539.119,0.156,-
3,24,1355,1,1,178,NA,NA,-
3,25,1598,1,1,194,481.684,-0.068,-
3,26,1751,1,1,194,528.589,0.024,-
3,27,1631,1,1,210,491.676,0.006,-
3,28,1620,1,1,210,490.972,0.005,-
3,29,1661,1,1,226,510.389,-0.058,-
3,30,1579,1,1,226,489.339,-0.099,-
3,31,1637,1,1,242,519.799,0.016,-
3,32,1408,1,1,242,449.036,-0.122,-
3,33,1628,1,1,258,531.413,0.049,-
3,34,1599,1,1,258,533.127,0.052,-
3,35,1211,1,1,274,415.612,0.053,-
3,36,1240,1,1,274,439.317,0.099,-
3,37,1343,1,1,290,488.954,-0.088,-
3,38,1461,1,1,290,540.464,0.012,-
3,39,1334,1,1,306,498.25,0.012,-
3,40,1417,1,1,306,524.086,0.062,-
3,41,1477,1,1,322,542.833,0.007,-
3,42,1332,1,1,322,506.05,-0.065,-
3,43,1385,1,1,338,542.434,-0.057,-
3,44,1524,1,1,338,609.922,0.075,-
3,45,1172,1,1,354,494.73,-0.054,-
3,46,1387,1,1,354,549.533,0.053,-
3,47,1488,1,1,370,NA,NA,-
3,48,1269,1,1,370,NA,NA,-
4,1,2117,1,1,2,NA,NA,-
4,2,1760,1,1,2,NA,NA,-
4,3,1797,1,1,18,555.573,-0.014,-
4,4,1679,1,1,18,546.592,-0.032,-
4,5,1624,1,1,34,532.074,-0.002,-
4,6,1732,1,1,34,562.179,0.057,-
4,7,1501,1,1,50,482.131,-0.049,-
4,8,1636,1,1,50,522.243,0.03,-
4,9,1560,1,1,66,495.03,-0.002,-
4,10,1508,1,1,66,479.235,-0.032,-
4,11,1665,1,1,82,542.425,0.045,-
4,12,1590,1,1,82,519.075,-0.001,-
4,13,1627,1,1,98,526.05,0.056,-
4,14,1617,1,1,98,514.2,0.033,-
4,15,1642,1,1,114,522.143,0.003,-
4,16,1638,1,1,114,517.941,-0.005,-
4,17,1614,1,1,130,504.264,-0.024,-
4,18,1728,1,1,130,543.981,0.054,-
4,19,1707,1,1,146,543.892,0.022,-
4,20,1644,1,1,146,519.091,-0.026,-
4,21,1689,1,1,162,522.995,0.082,-
4,22,1641,1,1,162,499.852,0.037,-
4,23,1633,1,1,178,498.452,0.077,-
4,24,1692,1,1,178,515.842,0.111,-
4,25,1800,1,1,194,544.257,0.054,-
4,26,1659,1,1,194,490.533,-0.051,-
4,27,1653,1,1,210,492.6,0.008,-
4,28,1651,1,1,210,494.513,0.012,-
4,29,1750,1,1,226,532.543,-0.015,-
4,30,1773,1,1,226,546.466,0.012,-
4,31,1568,1,1,242,485.837,-0.05,-
4,32,1633,1,1,242,514.884,0.007,-
4,33,1509,1,1,258,479.4,-0.053,-
4,34,1513,1,1,258,491.459,-0.029,-
4,35,1170,1,1,274,389.51,0.002,-
4,36,1302,1,1,274,448.501,0.117,-
4,37,1391,1,1,290,493.409,-0.08,-
4,38,1222,1,1,290,443.234,-0.178,-
4,39,1634,1,1,306,NA,NA,-
4,40,1370,1,1,306,496.69,0.009,-
4,41,1517,1,1,322,546.428,0.014,-
4,42,1403,1,1,322,515.613,-0.046,-
4,43,1143,1,1,338,436.871,-0.263,-
4,44,1454,1,1,338,560.062,-0.022,-
4,45,1302,1,1,354,508.519,-0.027,-
4,46,1280,1,1,354,485.257,-0.073,-
4,47,1520,1,1,370,NA,NA,-
4,48,1409,1,1,370,NA,NA,-
5,1,2180,1,1,3,NA,NA,-
5,2,1861,1,1,3,NA,NA,-
5,3,1618,1,1,19,513.3,0.052,-
5,4,1654,1,1,19,554.481,0.133,-
5,5,1557,1,1,35,528.417,0.003,-
5,6,1456,1,1,35,NA,NA,-
5,7,1284,1,1,51,429.314,0.054,-
5,8,1217,1,1,51,402.975,0.003,-
5,9,1603,1,1,67,550.203,0.002,-
5,10,1577,1,1,67,543.815,-0.01,-
5,11,1494,1,1,83,521.084,0.012,-
5,12,1405,1,1,83,490.091,-0.048,-
5,13,1654,1,1,99,579.723,0.014,-
5,14,1692,1,1,99,584.987,0.024,-
5,15,1495,1,1,115,510.225,0.044,-
5,16,1448,1,1,115,489.363,0.003,-
5,17,334,1,1,131,69.483,-0.339,-
5,18,871,1,1,131,268.027,0.05,-
5,19,1360,1,1,147,NA,NA,-
5,20,1283,1,1,147,423.206,-0.011,-
5,21,1390,1,1,163,453.149,-0.101,-
5,22,1373,1,1,163,440.298,-0.126,-
5,23,1664,1,1,179,550.082,0.001,-
5,24,1598,1,1,179,521.724,-0.055,-
5,25,1278,1,1,195,393.714,0.039,-
5,26,1271,1,1,195,386.507,0.025,-
5,27,1702,1,1,211,550.112,0.002,-
5,28,1830,1,1,211,599.999,0.1,-
5,29,333,1,1,227,47.065,-0.182,-
5,30,230,1,1,227,14.946,-0.245,-
5,31,1421,1,1,243,465.461,-0.15,-
5,32,1324,1,1,243,436.277,-0.207,-
5,33,1118,1,1,259,367.663,0.044,-
5,34,1032,1,1,259,346.643,0.002,-
5,35,1483,1,1,275,528.668,-0.022,-
5,36,1431,1,1,275,524.944,-0.029,-
5,37,779,1,1,291,291.055,-0.068,-
5,38,1143,1,1,291,441.018,0.225,-
5,39,1362,1,1,307,530.752,0.108,-
5,40,1231,1,1,307,477.8,0.004,-
5,41,1213,1,1,323,469.584,-0.109,-
5,42,1388,1,1,323,541.336,0.032,-
5,43,1488,1,1,339,587.983,0.089,-
5,44,1405,1,1,339,566.932,0.048,-
5,45,1351,1,1,355,542.563,-0.028,-
5,46,1599,1,1,355,NA,NA,-
5,47,1676,1,1,371,NA,NA,-
5,48,1720,1,1,371,NA,NA,-
6,1,2379,1,1,3,NA,NA,-
6,2,1993,1,1,3,NA,NA,-
6,3,1672,1,1,19,497.956,0.022,-
6,4,1711,1,1,19,544.826,0.114,-
6,5,1645,1,1,35,535.727,0.018,-
6,6,1639,1,1,35,538.631,0.023,-
6,7,1265,1,1,51,410.345,0.017,-
6,8,1320,1,1,51,437.991,0.071,-
6,9,1568,1,1,67,533.798,-0.03,-
6,10,1636,1,1,67,563.78,0.029,-
6,11,1632,1,1,83,571.959,0.112,-
6,12,1387,1,1,83,481.363,-0.065,-
6,13,1640,1,1,99,573.14,0.001,-
6,14,1606,1,1,99,551.626,-0.041,-
6,15,1561,1,1,115,534.072,0.091,-
6,16,1536,1,1,115,521.119,0.065,-
6,17,659,1,1,131,188.396,-0.106,-
6,18,801,1,1,131,239.442,-0.006,-
6,19,1298,1,1,147,429.385,0.001,-
6,20,1314,1,1,147,432.268,0.007,-
6,21,1355,1,1,163,437.158,-0.132,-
6,22,1316,1,1,163,416.048,-0.173,-
6,23,1606,1,1,179,525.204,-0.048,-
6,24,1741,1,1,179,572.501,0.044,-
6,25,1296,1,1,195,397.127,0.046,-
6,26,1309,1,1,195,397.191,0.046,-
6,27,1750,1,1,211,564.627,0.031,-
6,28,1870,1,1,211,610.916,0.121,-
6,29,270,1,1,227,17.522,-0.24,-
6,30,293,1,1,227,30.977,-0.214,-
6,31,1334,1,1,243,425.009,-0.229,-
6,32,1351,1,1,243,437.083,-0.206,-
6,33,981,1,1,259,307.139,-0.075,-
6,34,1014,1,1,259,329.021,-0.032,-
6,35,1529,1,1,275,534.624,-0.01,-
6,36,1359,1,1,275,NA,NA,-
6,37,894,1,1,291,323.841,-0.004,-
6,38,1017,1,1,291,381.891,0.109,-
6,39,1303,1,1,307,498.507,0.045,-
6,40,1142,1,1,307,434.945,-0.08,-
6,41,1374,1,1,323,523.406,-0.004,-
6,42,1462,1,1,323,556.452,0.061,-
6,43,1261,1,1,339,482.841,-0.117,-
6,44,1349,1,1,339,522.796,-0.038,-
6,45,1431,1,1,355,543.875,-0.026,-
6,46,1550,1,1,355,556.437,-0.001,-
6,47,1785,1,1,371,NA,NA,-
6,48,2074,1,1,371,NA,NA,-
7,1,2495,1,1,4,NA,NA,-
7,2,1961,1,1,4,NA,NA,-
7,3,1838,1,1,20,491.431,0.034,-
7,4,1626,1,1,20,462.831,-0.022,-
7,5,1697,1,1,36,502.924,0.004,-
7,6,1725,1,1,36,522.691,0.042,-
7,7,1065,1,1,52,307.532,0.152,-
7,8,954,1,1,52,274.781,0.088,-
7,9,1639,1,1,68,517.124,-0.039,-
7,10,1647,1,1,68,524.149,-0.026,-
7,11,1342,1,1,84,425.296,-0.189,-
7,12,1735,1,1,84,568.542,0.092,-
7,13,1391,1,1,100,441.738,-0.046,-
7,14,1356,1,1,100,422.944,-0.083,-
7,15,1664,1,1,116,529.019,0.071,-
7,16,1351,1,1,116,NA,NA,-
7,17,1750,1,1,132,548.524,0.098,-
7,18,1660,1,1,132,516.895,0.036,-
7,19,1717,1,1,148,542.515,0.006,-
7,20,1649,1,1,148,515.585,-0.047,-
7,21,1644,1,1,164,502.096,-0.031,-
7,22,1647,1,1,164,496.377,-0.042,-
7,23,1673,1,1,180,506.259,0.05,-
7,24,1591,1,1,180,474.259,-0.012,-
7,25,1857,1,1,196,557.52,0.033,-
7,26,1811,1,1,196,535.445,-0.01,-
7,27,1716,1,1,212,506.599,-0.046,-
7,28,1763,1,1,212,523.495,-0.013,-
7,29,1953,1,1,228,NA,NA,-
7,30,1807,1,1,228,542.54,0.006,-
7,31,858,1,1,244,222.916,-0.012,-
7,32,926,1,1,244,251.639,0.044,-
7,33,1670,1,1,260,510.236,0.04,-
7,34,1674,1,1,260,520.688,0.061,-
7,35,1577,1,1,276,NA,NA,-
7,36,1634,1,1,276,537.419,0.015,-
7,37,1663,1,1,292,563.952,0.046,-
7,38,1588,1,1,292,550.126,0.019,-
7,39,1013,1,1,308,350.348,-0.002,-
7,40,1058,1,1,308,366.314,0.029,-
7,41,1523,1,1,324,530.562,0.088,-
7,42,1617,1,1,324,562.87,0.151,-
7,43,1453,1,1,340,507.632,-0.038,-
7,44,1381,1,1,340,482.835,-0.086,-
7,45,1346,1,1,356,NA,NA,-
7,46,1720,1,1,356,546.475,0.157,-
7,47,1775,1,1,372,NA,NA,-
7,48,1820,1,1,372,NA,NA,-
8,1,2438,1,1,4,NA,NA,-
8,2,1949,1,1,4,NA,NA,-
8,3,1782,1,1,20,472.598,-0.003,-
8,4,1515,1,1,20,427.818,-0.09,-
8,5,1615,1,1,36,481.057,-0.039,-
8,6,1684,1,1,36,519.513,0.036,-
8,7,828,1,1,52,230.527,0.002,-
8,8,855,1,1,52,246.269,0.032,-
8,9,1577,1,1,68,506.732,-0.06,-
8,10,1631,1,1,68,530.33,-0.014,-
8,11,1509,1,1,84,495.812,-0.051,-
8,12,1402,1,1,84,460.958,-0.119,-
8,13,1467,1,1,100,479.849,0.028,-
8,14,1280,1,1,100,406.708,-0.115,-
8,15,1580,1,1,116,511.672,0.037,-
8,16,1539,1,1,116,493.006,0.001,-
8,17,1550,1,1,132,490.576,-0.015,-
8,18,1604,1,1,132,508.296,0.02,-
8,19,1547,1,1,148,493.137,-0.091,-
8,20,1612,1,1,148,513.289,-0.052,-
8,21,1688,1,1,164,NA,NA,-
8,22,1643,1,1,164,505.456,-0.024,-
8,23,1614,1,1,180,495.868,0.03,-
8,24,1606,1,1,180,489.311,0.017,-
8,25,1694,1,1,196,511.628,-0.056,-
8,26,1788,1,1,196,537.69,-0.005,-
8,27,1701,1,1,212,510.472,-0.038,-
8,28,1773,1,1,212,535.541,0.011,-
8,29,1799,1,1,228,544.542,0.01,-
8,30,1782,1,1,228,540.554,0.002,-
8,31,804,1,1,244,204.111,-0.049,-
8,32,797,1,1,244,206.723,-0.044,-
8,33,1646,1,1,260,506.222,0.032,-
8,34,1643,1,1,260,514.149,0.048,-
8,35,1660,1,1,276,535.446,0.011,-
8,36,1618,1,1,276,536.346,0.013,-
8,37,1608,1,1,292,549.685,0.018,-
8,38,1621,1,1,292,567.903,0.054,-
8,39,855,1,1,308,295.545,-0.109,-
8,40,852,1,1,308,295.533,-0.109,-
8,41,1660,1,1,324,586.898,0.198,-
8,42,1557,1,1,324,549.017,0.124,-
8,43,1442,1,1,340,510.35,-0.032,-
8,44,1349,1,1,340,472.42,-0.107,-
8,45,1586,1,1,356,534.737,0.134,-
8,46,1689,1,1,356,530.066,0.125,-
8,47,1850,1,1,372,NA,NA,-
8,48,2096,1,1,372,NA,NA,-
9,1,2424,1,1,5,NA,NA,-
9,2,2009,1,1,5,NA,NA,-
9,3,1744,1,1,21,479.109,-0.045,-
9,4,1651,1,1,21,488.49,-0.026,-
9,5,1582,1,1,37,485.107,-0.027,-
9,6,1542,1,1,37,483.525,-0.03,-
9,7,1563,1,1,53,505.998,-0.001,-
9,8,1575,1,1,53,518.158,0.023,-
9,9,1471,1,1,69,482.441,-0.021,-
9,10,1457,1,1,69,481.908,-0.022,-
9,11,1575,1,1,85,534.326,0.012,-
9,12,1721,1,1,85,592.848,0.127,-
9,13,1437,1,1,101,483.214,-0.026,-
9,14,1606,1,1,101,537.429,0.08,-
9,15,1300,1,1,117,426.044,-0.122,-
9,16,1340,1,1,117,436.638,-0.101,-
9,17,1683,1,1,133,553.423,0.044,-
9,18,1605,1,1,133,524.425,-0.012,-
9,19,1744,1,1,149,NA,NA,-
9,20,1514,1,1,149,493.718,0.021,-
9,21,1620,1,1,165,520.376,-0.008,-
9,22,1549,1,1,165,487.745,-0.072,-
9,23,1615,1,1,181,511.698,-0.035,-
9,24,1647,1,1,181,519.18,-0.02,-
9,25,1784,1,1,197,558.657,0.044,-
9,26,1605,1,1,197,487.376,-0.095,-
9,27,1510,1,1,213,455.428,0.045,-
9,28,1451,1,1,213,433.214,0.002,-
9,29,1782,1,1,229,550.571,0.019,-
9,30,1768,1,1,229,546.627,0.011,-
9,31,1849,1,1,245,580.374,0.071,-
9,32,1797,1,1,245,564.778,0.04,-
9,33,1580,1,1,261,491.723,-0.029,-
9,34,1624,1,1,261,516.056,0.018,-
9,35,1625,1,1,277,532.049,0.014,-
9,36,1776,1,1,277,602.773,0.153,-
9,37,1220,1,1,293,416.802,-0.027,-
9,38,1246,1,1,293,NA,NA,-
9,39,1445,1,1,309,519.933,-0.034,-
9,40,1548,1,1,309,557.651,0.039,-
9,41,1528,1,1,325,550.05,0.036,-
9,42,1410,1,1,325,506.098,-0.05,-
9,43,1551,1,1,341,560.496,0.013,-
9,44,1562,1,1,341,557.85,0.008,-
9,45,1312,1,1,357,450.57,0.044,-
9,46,1220,1,1,357,390.777,-0.073,-
9,47,1746,1,1,373,NA,NA,-
9,48,2055,1,1,373,NA,NA,-
10,1,2326,1,1,5,NA,NA,-
10,2,1892,1,1,5,NA,NA,-
10,3,1773,1,1,21,498.707,-0.006,-
10,4,1552,1,1,21,465.292,-0.072,-
10,5,1612,1,1,37,503.454,0.009,-
10,6,1632,1,1,37,521.933,0.045,-
10,7,1518,1,1,53,496.046,-0.02,-
10,8,1394,1,1,53,458.401,-0.094,-
10,9,1514,1,1,69,505.065,0.023,-
10,10,1608,1,1,69,544.286,0.1,-
10,11,1541,1,1,85,529.674,0.003,-
10,12,1619,1,1,85,563.649,0.07,-
10,13,1633,1,1,101,563.876,0.131,-
10,14,1698,1,1,101,580,0.163,-
10,15,1382,1,1,117,464.386,-0.047,-
10,16,1235,1,1,117,407.336,-0.159,-
10,17,1791,1,1,133,601.876,0.139,-
10,18,1625,1,1,133,541.032,0.02,-
10,19,1477,1,1,149,492.674,0.018,-
10,20,1497,1,1,149,497.025,0.027,-
10,21,1732,1,1,165,570.757,0.091,-
10,22,1549,1,1,165,497.185,-0.053,-
10,23,1683,1,1,181,545.84,0.032,-
10,24,1676,1,1,181,538.785,0.018,-
10,25,1615,1,1,197,506.272,-0.059,-
10,26,1655,1,1,197,512.431,-0.046,-
10,27,1476,1,1,213,449.319,0.033,-
10,28,1459,1,1,213,440.964,0.017,-
10,29,1776,1,1,229,552.978,0.024,-
10,30,1744,1,1,229,541.36,0.001,-
10,31,1730,1,1,245,540.416,-0.008,-
10,32,1733,1,1,245,544.126,0,-
10,33,1643,1,1,261,515.257,0.017,-
10,34,1561,1,1,261,494.668,-0.023,-
10,35,1474,1,1,277,478.739,-0.09,-
10,36,1632,1,1,277,551.972,0.053,-
10,37,1214,1,1,293,415.201,-0.03,-
10,38,1181,1,1,293,415.701,-0.029,-
10,39,1487,1,1,309,537.793,0.001,-
10,40,1521,1,1,309,550.347,0.025,-
10,41,1533,1,1,325,554.661,0.045,-
10,42,1399,1,1,325,504.644,-0.053,-
10,43,1426,1,1,341,517.203,-0.072,-
10,44,1404,1,1,341,502.989,-0.1,-
10,45,1147,1,1,357,394.575,-0.065,-
10,46,1290,1,1,357,413.315,-0.028,-
10,47,1717,1,1,373,NA,NA,-
10,48,2149,1,1,373,NA,NA,-
11,1,2461,1,1,6,NA,NA,-
11,2,1948,1,1,6,NA,NA,-
11,3,1711,1,1,22,NA,NA,-
11,4,1658,1,1,22,511.369,0.081,-
11,5,1706,1,1,38,NA,NA,-
11,6,1540,1,1,38,496.342,0.005,-
11,7,1559,1,1,54,518.704,0.016,-
11,8,1459,1,1,54,489.823,-0.041,-
11,9,1428,1,1,70,481.155,-0.128,-
11,10,1771,1,1,70,612.919,0.13,-
11,11,1186,1,1,86,405.679,-0.077,-
11,12,1352,1,1,86,472.994,0.055,-
11,13,1213,1,1,102,417.856,-0.046,-
11,14,1067,1,1,102,NA,NA,-
11,15,854,1,1,118,281.059,0.058,-
11,16,765,1,1,118,245.77,-0.011,-
11,17,1592,1,1,134,542.047,-0.018,-
11,18,1603,1,1,134,545.057,-0.013,-
11,19,1549,1,1,150,531.43,0.076,-
11,20,1358,1,1,150,457.479,-0.069,-
11,21,1691,1,1,166,568.372,0.008,-
11,22,1639,1,1,166,541.478,-0.044,-
11,23,1491,1,1,182,487.091,-0.051,-
11,24,1554,1,1,182,504.831,-0.017,-
11,25,1092,1,1,198,NA,NA,-
11,26,1318,1,1,198,399.725,0.045,-
11,27,1208,1,1,214,359.283,-0.033,-
11,28,1252,1,1,214,372,-0.008,-
11,29,1693,1,1,230,529.024,-0.065,-
11,30,1776,1,1,230,558.032,-0.009,-
11,31,1620,1,1,246,504.894,0.029,-
11,32,1555,1,1,246,483.705,-0.013,-
11,33,1688,1,1,262,534.459,-0.045,-
11,34,1598,1,1,262,510.511,-0.092,-
11,35,1644,1,1,278,542.907,0.089,-
11,36,1534,1,1,278,519.079,0.042,-
11,37,1581,1,1,294,554.626,0.058,-
11,38,1579,1,1,294,568.703,0.086,-
11,39,1496,1,1,310,545.269,0.013,-
11,40,1412,1,1,310,514.104,-0.048,-
11,41,1422,1,1,326,517.936,0.015,-
11,42,1358,1,1,326,493.893,-0.032,-
11,43,1475,1,1,342,540.024,0.039,-
11,44,1403,1,1,342,506.286,-0.027,-
11,45,1483,1,1,358,513.707,0.071,-
11,46,1423,1,1,358,NA,NA,-
11,47,1719,1,1,374,NA,NA,-
11,48,2083,1,1,374,NA,NA,-
12,1,2646,1,1,6,NA,NA,-
12,2,1939,1,1,6,NA,NA,-
12,3,1746,1,1,22,510.55,0.08,-
12,4,1641,1,1,22,512.549,0.084,-
12,5,1523,1,1,38,486.841,-0.014,-
12,6,1529,1,1,38,495.905,0.004,-
12,7,1581,1,1,54,530.274,0.039,-
12,8,1588,1,1,54,541.23,0.06,-
12,9,1547,1,1,70,528.465,-0.035,-
12,10,1441,1,1,70,494.562,-0.102,-
12,11,1277,1,1,86,443.697,-0.002,-
12,12,1168,1,1,86,408.071,-0.072,-
12,13,1254,1,1,102,437.773,-0.007,-
12,14,1283,1,1,102,443.61,0.005,-
12,15,883,1,1,118,297.108,0.089,-
12,16,918,1,1,118,307.618,0.11,-
12,17,1565,1,1,134,538.475,-0.025,-
12,18,1482,1,1,134,NA,NA,-
12,19,1325,1,1,150,455.368,-0.073,-
12,20,1526,1,1,150,527.362,0.068,-
12,21,1810,1,1,166,619.152,0.108,-
12,22,1654,1,1,166,553.955,-0.02,-
12,23,1715,1,1,182,576.225,0.123,-
12,24,1586,1,1,182,523.068,0.019,-
12,25,1273,1,1,198,397.13,0.04,-
12,26,1293,1,1,198,395.401,0.036,-
12,27,1154,1,1,214,343.582,-0.064,-
12,28,1115,1,1,214,325.076,-0.1,-
12,29,1737,1,1,230,546.909,-0.03,-
12,30,1689,1,1,230,527.675,-0.068,-
12,31,1661,1,1,246,520.639,0.06,-
12,32,1695,1,1,246,534.901,0.088,-
12,33,1665,1,1,262,526.443,-0.061,-
12,34,1611,1,1,262,515.241,-0.083,-
12,35,1542,1,1,278,505.859,0.017,-
12,36,1498,1,1,278,505.884,0.017,-
12,37,1528,1,1,294,535.145,0.02,-
12,38,1580,1,1,294,569.601,0.087,-
12,39,1468,1,1,310,535.338,-0.006,-
12,40,1404,1,1,310,511.848,-0.052,-
12,41,1384,1,1,326,504.214,-0.012,-
12,42,1269,1,1,326,461.067,-0.096,-
12,43,1462,1,1,342,535.464,0.03,-
12,44,1392,1,1,342,502.105,-0.036,-
12,45,1517,1,1,358,524.972,0.093,-
12,46,1569,1,1,358,503.769,0.052,-
12,47,1855,1,1,374,NA,NA,-
12,48,1791,1,1,374,NA,NA,-
13,1,2413,1,1,7,NA,NA,-
13,2,1924,1,1,7,NA,NA,-
13,3,1115,1,1,23,323.278,-0.077,-
13,4,1116,1,1,23,342.617,-0.04,-
13,5,1578,1,1,39,511.031,-0.001,-
13,6,1563,1,1,39,511.825,0.001,-
13,7,1509,1,1,55,507.004,-0.026,-
13,8,1544,1,1,55,528.465,0.016,-
13,9,1655,1,1,71,571.874,0.127,-
13,10,1501,1,1,71,520.181,0.026,-
13,11,1432,1,1,87,505.505,0.013,-
13,12,1528,1,1,87,547.578,0.095,-
13,13,1560,1,1,103,555.658,-0.002,-
13,14,1529,1,1,103,537.847,-0.037,-
13,15,1428,1,1,119,501.458,-0.02,-
13,16,1332,1,1,119,463.918,-0.094,-
13,17,1121,1,1,135,382.212,-0.17,-
13,18,1194,1,1,135,407.879,-0.12,-
13,19,1377,1,1,151,480.811,-0.071,-
13,20,1398,1,1,151,486.142,-0.06,-
13,21,742,1,1,167,234.747,-0.304,-
13,22,702,1,1,167,213.968,-0.345,-
13,23,1640,1,1,183,554.925,0.014,-
13,24,1489,1,1,183,493.419,-0.107,-
13,25,1520,1,1,199,492.334,-0.091,-
13,26,1623,1,1,199,519.044,-0.039,-
13,27,1693,1,1,215,543.544,0.002,-
13,28,1726,1,1,215,550.47,0.016,-
13,29,1701,1,1,231,536.372,-0.011,-
13,30,1646,1,1,231,514.274,-0.054,-
13,31,1702,1,1,247,537.778,-0.062,-
13,32,1752,1,1,247,557.702,-0.023,-
13,33,1354,1,1,263,416.903,-0.029,-
13,34,1123,1,1,263,341.949,-0.176,-
13,35,1617,1,1,279,NA,NA,-
13,36,1496,1,1,279,507.289,-0.074,-
13,37,1308,1,1,295,455.139,0.029,-
13,38,1393,1,1,295,501.267,0.119,-
13,39,1617,1,1,311,593.992,0.131,-
13,40,1451,1,1,311,531.357,0.009,-
13,41,1466,1,1,327,536.44,0.082,-
13,42,1406,1,1,327,513.422,0.037,-
13,43,1160,1,1,343,423.618,0.01,-
13,44,1283,1,1,343,462.566,0.087,-
13,45,1398,1,1,359,483.315,-0.083,-
13,46,1716,1,1,359,550.673,0.048,-
13,47,1826,1,1,375,NA,NA,-
13,48,1672,1,1,375,NA,NA,-
14,1,2357,1,1,7,NA,NA,-
14,2,1979,1,1,7,NA,NA,-
14,3,1089,1,1,23,320.318,-0.083,-
14,4,1237,1,1,23,387.338,0.048,-
14,5,1553,1,1,39,505.103,-0.012,-
14,6,1528,1,1,39,500.839,-0.021,-
14,7,1557,1,1,55,525.854,0.011,-
14,8,1463,1,1,55,499.487,-0.041,-
14,9,1410,1,1,71,482.228,-0.049,-
14,10,1429,1,1,71,494.036,-0.025,-
14,11,1438,1,1,87,508.102,0.018,-
14,12,1499,1,1,87,537.072,0.075,-
14,13,1521,1,1,103,541.529,-0.029,-
14,14,1575,1,1,103,555.165,-0.003,-
14,15,1210,1,1,119,422.667,-0.175,-
14,16,1500,1,1,119,527.029,0.03,-
14,17,1092,1,1,135,374.364,-0.185,-
14,18,1016,1,1,135,346.603,-0.24,-
14,19,1605,1,1,151,NA,NA,-
14,20,1450,1,1,151,510.105,-0.014,-
14,21,856,1,1,167,281.984,-0.212,-
14,22,838,1,1,167,269.01,-0.237,-
14,23,1554,1,1,183,528.028,-0.039,-
14,24,1630,1,1,183,549.879,0.004,-
14,25,1682,1,1,199,555.304,0.032,-
14,26,1696,1,1,199,548.892,0.02,-
14,27,1581,1,1,215,505.954,-0.071,-
14,28,1631,1,1,215,518.437,-0.047,-
14,29,1665,1,1,231,525.309,-0.033,-
14,30,1698,1,1,231,534.821,-0.014,-
14,31,1738,1,1,247,552.533,-0.033,-
14,32,1722,1,1,247,548.5,-0.041,-
14,33,1405,1,1,263,437.12,0.01,-
14,34,1260,1,1,263,393.179,-0.076,-
14,35,1537,1,1,279,507.642,-0.073,-
14,36,1479,1,1,279,502.684,-0.083,-
14,37,1351,1,1,295,472.952,0.064,-
14,38,1353,1,1,295,487.688,0.092,-
14,39,1351,1,1,311,494.553,-0.063,-
14,40,1363,1,1,311,499.244,-0.054,-
14,41,1386,1,1,327,506.935,0.024,-
14,42,1430,1,1,327,522.313,0.054,-
14,43,1314,1,1,343,480.614,0.122,-
14,44,1089,1,1,343,390.919,-0.054,-
14,45,1644,1,1,359,567.201,0.081,-
14,46,1569,1,1,359,501.216,-0.048,-
14,47,1724,1,1,375,NA,NA,-
14,48,2204,1,1,375,NA,NA,-
15,1,2421,1,1,8,NA,NA,-
15,2,2226,1,1,8,NA,NA,-
15,3,1682,1,1,24,501.434,0.049,-
15,4,1675,1,1,24,532.803,0.111,-
15,5,1539,1,1,40,499.572,0.016,-
15,6,1357,1,1,40,438.618,-0.103,-
15,7,1424,1,1,56,475.991,-0.003,-
15,8,1401,1,1,56,475.66,-0.003,-
15,9,1486,1,1,72,508.762,-0.026,-
15,10,1528,1,1,72,528.801,0.014,-
15,11,1559,1,1,88,551.33,0.031,-
15,12,1607,1,1,88,575.235,0.078,-
15,13,1489,1,1,104,527.585,-0.019,-
15,14,1513,1,1,104,530.539,-0.014,-
15,15,1482,1,1,120,520.786,-0.074,-
15,16,1598,1,1,120,561.669,0.006,-
15,17,1614,1,1,136,562.887,0.112,-
15,18,1352,1,1,136,470.238,-0.069,-
15,19,1678,1,1,152,597.755,0.014,-
15,20,1522,1,1,152,539.295,-0.1,-
15,21,1424,1,1,168,492.133,-0.046,-
15,22,1410,1,1,168,479.611,-0.07,-
15,23,1467,1,1,184,499.386,-0.03,-
15,24,1449,1,1,184,486.544,-0.055,-
15,25,407,1,1,200,98.981,-0.038,-
15,26,390,1,1,200,84.998,-0.065,-
15,27,1614,1,1,216,NA,NA,-
15,28,1603,1,1,216,509.282,0.002,-
15,29,1621,1,1,232,510.096,-0.003,-
15,30,1653,1,1,232,519.313,0.015,-
15,31,1715,1,1,248,544.9,0.025,-
15,32,1771,1,1,248,566.654,0.068,-
15,33,1697,1,1,264,542.054,0.022,-
15,34,1542,1,1,264,495.089,-0.07,-
15,35,1591,1,1,280,527.966,0.032,-
15,36,1515,1,1,280,516.671,0.01,-
15,37,1346,1,1,296,472.008,-0.055,-
15,38,1315,1,1,296,473.961,-0.051,-
15,39,1170,1,1,312,426.701,-0.189,-
15,40,1530,1,1,312,560.458,0.072,-
15,41,1263,1,1,328,460.246,-0.048,-
15,42,1304,1,1,328,474.136,-0.021,-
15,43,1563,1,1,344,570.348,0.113,-
15,44,1379,1,1,344,493.553,-0.037,-
15,45,1322,1,1,360,452.048,-0.065,-
15,46,1496,1,1,360,473.799,-0.022,-
15,47,1841,1,1,376,NA,NA,-
15,48,1926,1,1,376,NA,NA,-
16,1,2388,1,1,8,NA,NA,-
16,2,1910,1,1,8,NA,NA,-
16,3,1662,1,1,24,488.75,0.025,-
16,4,1597,1,1,24,501.367,0.049,-
16,5,1499,1,1,40,481.6,-0.019,-
16,6,1604,1,1,40,523.706,0.064,-
16,7,1344,1,1,56,NA,NA,-
16,8,1389,1,1,56,469.237,-0.016,-
16,9,1541,1,1,72,526.275,0.009,-
16,10,1434,1,1,72,492.471,-0.057,-
16,11,1585,1,1,88,558.401,0.045,-
16,12,1532,1,1,88,545.093,0.019,-
16,13,1446,1,1,104,510,-0.054,-
16,14,1497,1,1,104,522.992,-0.028,-
16,15,1590,1,1,120,558.416,0,-
16,16,1776,1,1,120,624.308,0.129,-
16,17,1469,1,1,136,511.076,0.011,-
16,18,1378,1,1,136,481.066,-0.048,-
16,19,1604,1,1,152,571.934,-0.036,-
16,20,1728,1,1,152,616.414,0.051,-
16,21,1551,1,1,168,540.208,0.048,-
16,22,1487,1,1,168,509.738,-0.012,-
16,23,1379,1,1,184,470.348,-0.087,-
16,24,1380,1,1,184,464.181,-0.099,-
16,25,528,1,1,200,148.418,0.059,-
16,26,240,1,1,200,38.31,-0.157,-
16,27,1576,1,1,216,506.713,-0.003,-
16,28,1588,1,1,216,504.907,-0.007,-
16,29,1589,1,1,232,499.661,-0.023,-
16,30,1633,1,1,232,513.092,0.003,-
16,31,1702,1,1,248,540.939,0.018,-
16,32,1735,1,1,248,554.11,0.043,-
16,33,1632,1,1,264,519.175,-0.023,-
16,34,1649,1,1,264,532.47,0.003,-
16,35,1507,1,1,280,497.118,-0.028,-
16,36,1557,1,1,280,530.482,0.037,-
16,37,1455,1,1,296,510.564,0.021,-
16,38,1387,1,1,296,498.645,-0.003,-
16,39,1389,1,1,312,505.729,-0.035,-
16,40,1286,1,1,312,467.046,-0.11,-
16,41,1404,1,1,328,508.897,0.047,-
16,42,1375,1,1,328,497.059,0.024,-
16,43,1459,1,1,344,528.225,0.03,-
16,44,1464,1,1,344,520.147,0.015,-
16,45,1454,1,1,360,493.417,0.016,-
16,46,1461,1,1,360,458.644,-0.052,-
16,47,1522,1,1,376,NA,NA,-
16,48,2053,1,1,376,NA,NA,-
17,1,2237,1,1,9,NA,NA,-
17,2,1985,1,1,9,NA,NA,-
17,3,1609,1,1,25,477.486,-0.011,-
17,4,1561,1,1,25,495.618,0.024,-
17,5,1600,1,1,41,524.063,0.028,-
17,6,1597,1,1,41,530.631,0.04,-
17,7,1652,1,1,57,566.39,0.03,-
17,8,1569,1,1,57,545.242,-0.012,-
17,9,786,1,1,73,260.918,0.172,-
17,10,706,1,1,73,236.692,0.125,-
17,11,1437,1,1,89,515.212,-0.006,-
17,12,1363,1,1,89,493.78,-0.048,-
17,13,1219,1,1,105,437.526,-0.021,-
17,14,1165,1,1,105,413.618,-0.068,-
17,15,1608,1,1,121,576.93,0.085,-
17,16,1618,1,1,121,580.157,0.092,-
17,17,771,1,1,137,271.698,0.101,-
17,18,697,1,1,137,246.747,0.052,-
17,19,1262,1,1,153,459.581,-0.123,-
17,20,1443,1,1,153,525.752,0.006,-
17,21,1074,1,1,169,380.505,0.108,-
17,22,868,1,1,169,299.649,-0.051,-
17,23,1432,1,1,185,502.355,-0.044,-
17,24,1452,1,1,185,503.385,-0.042,-
17,25,1568,1,1,201,532.123,0.122,-
17,26,1593,1,1,201,529.313,0.116,-
17,27,1503,1,1,217,494.39,-0.039,-
17,28,1492,1,1,217,484.52,-0.058,-
17,29,1643,1,1,233,533.376,0.049,-
17,30,1637,1,1,233,529.133,0.041,-
17,31,1618,1,1,249,525.435,-0.035,-
17,32,1706,1,1,249,558.05,0.029,-
17,33,1014,1,1,265,312.82,-0.191,-
17,34,567,1,1,265,160.022,-0.49,-
17,35,1424,1,1,281,478.167,-0.103,-
17,36,1594,1,1,281,554.694,0.046,-
17,37,1525,1,1,297,NA,NA,-
17,38,1389,1,1,297,508.138,-0.079,-
17,39,1432,1,1,313,530.15,-0.007,-
17,40,1428,1,1,313,527.286,-0.012,-
17,41,1306,1,1,329,480.612,-0.054,-
17,42,1386,1,1,329,509.145,0.002,-
17,43,1391,1,1,345,511.4,0.109,-
17,44,1354,1,1,345,488.223,0.064,-
17,45,1463,1,1,361,503.713,-0.033,-
17,46,1269,1,1,361,NA,NA,-
17,47,1884,1,1,377,NA,NA,-
17,48,1789,1,1,377,NA,NA,-
18,1,2447,1,1,9,NA,NA,-
18,2,1928,1,1,9,NA,NA,-
18,3,1746,1,1,25,515.447,0.063,-
18,4,1657,1,1,25,525.012,0.082,-
18,5,1607,1,1,41,525.488,0.03,-
18,6,1419,1,1,41,NA,NA,-
18,7,1576,1,1,57,539.271,-0.023,-
18,8,1577,1,1,57,549.412,-0.003,-
18,9,700,1,1,73,232.766,0.117,-
18,10,749,1,1,73,255.953,0.162,-
18,11,1462,1,1,89,526.717,0.017,-
18,12,1441,1,1,89,525.172,0.014,-
18,13,1291,1,1,105,466.643,0.036,-
18,14,1320,1,1,105,472.494,0.047,-
18,15,1603,1,1,121,577.195,0.086,-
18,16,1424,1,1,121,NA,NA,-
18,17,763,1,1,137,272.699,0.103,-
18,18,687,1,1,137,247.46,0.054,-
18,19,1261,1,1,153,462.526,-0.117,-
18,20,1341,1,1,153,491.26,-0.061,-
18,21,979,1,1,169,349.587,0.047,-
18,22,839,1,1,169,293,-0.064,-
18,23,1517,1,1,185,536.017,0.022,-
18,24,1252,1,1,185,433.991,-0.178,-
18,25,1744,1,1,201,NA,NA,-
18,26,1567,1,1,201,524.082,0.106,-
18,27,1446,1,1,217,478.522,-0.07,-
18,28,1488,1,1,217,488.287,-0.051,-
18,29,1536,1,1,233,NA,NA,-
18,30,1616,1,1,233,527.141,0.037,-
18,31,1679,1,1,249,552.558,0.018,-
18,32,1722,1,1,249,568.256,0.049,-
18,33,612,1,1,265,175.802,-0.459,-
18,34,768,1,1,265,235.858,-0.342,-
18,35,1530,1,1,281,517.987,-0.026,-
18,36,1533,1,1,281,532.973,0.004,-
18,37,1433,1,1,297,511.609,-0.072,-
18,38,1382,1,1,297,504.396,-0.086,-
18,39,1471,1,1,313,542.92,0.018,-
18,40,1314,1,1,313,NA,NA,-
18,41,1347,1,1,329,493.951,-0.028,-
18,42,1391,1,1,329,509.196,0.002,-
18,43,1362,1,1,345,498.939,0.085,-
18,44,1359,1,1,345,488.534,0.065,-
18,45,1505,1,1,361,516.606,-0.008,-
18,46,1582,1,1,361,502.109,-0.037,-
18,47,1565,1,1,377,NA,NA,-
18,48,1952,1,1,377,NA,NA,-
19,1,2340,1,1,10,NA,NA,-
19,2,1977,1,1,10,NA,NA,-
19,3,1474,1,1,26,NA,NA,-
19,4,1270,1,1,26,400.681,-0.059,-
19,5,1598,1,1,42,527.266,-0.096,-
19,6,1688,1,1,42,569.565,-0.013,-
19,7,1504,1,1,58,518.648,0.027,-
19,8,1446,1,1,58,507.221,0.005,-
19,9,1329,1,1,74,467.451,0.003,-
19,10,1244,1,1,74,441.958,-0.047,-
19,11,1478,1,1,90,538.626,-0.026,-
19,12,1485,1,1,90,547.418,-0.008,-
19,13,1412,1,1,106,516.785,0.024,-
19,14,1465,1,1,106,530.855,0.051,-
19,15,1216,1,1,122,443.264,-0.212,-
19,16,1191,1,1,122,435.024,-0.228,-
19,17,1398,1,1,138,507.559,-0.021,-
19,18,1423,1,1,138,520.52,0.004,-
19,19,1492,1,1,154,556.001,0.046,-
19,20,1418,1,1,154,528.307,-0.008,-
19,21,1366,1,1,170,497.488,0.049,-
19,22,1404,1,1,170,503.908,0.062,-
19,23,1444,1,1,186,518.272,0.025,-
19,24,1616,1,1,186,575.156,0.136,-
19,25,1589,1,1,202,552.277,0.072,-
19,26,1477,1,1,202,501.131,-0.028,-
19,27,1456,1,1,218,NA,NA,-
19,28,1649,1,1,218,555.937,0.048,-
19,29,1595,1,1,234,531.814,-0.006,-
19,30,1590,1,1,234,528.545,-0.012,-
19,31,1254,1,1,250,410.676,-0.078,-
19,32,1343,1,1,250,442.892,-0.015,-
19,33,1635,1,1,266,546.163,-0.013,-
19,34,1640,1,1,266,552.285,-0.001,-
19,35,1520,1,1,282,520.995,0.051,-
19,36,1461,1,1,282,512.224,0.034,-
19,37,748,1,1,298,NA,NA,-
19,38,894,1,1,298,325.414,-0.182,-
19,39,1432,1,1,314,531.157,-0.064,-
19,40,1464,1,1,314,541.036,-0.045,-
19,41,1484,1,1,330,546.855,0.049,-
19,42,1432,1,1,330,526.746,0.01,-
19,43,1401,1,1,346,515.848,0.017,-
19,44,1388,1,1,346,501.679,-0.011,-
19,45,1382,1,1,362,477.011,-0.102,-
19,46,1237,1,1,362,394.853,-0.263,-
19,47,1827,1,1,378,NA,NA,-
19,48,1482,1,1,378,NA,NA,-
20,1,2339,1,1,10,NA,NA,-
20,2,1873,1,1,10,NA,NA,-
20,3,1339,1,1,26,397.202,-0.066,-
20,4,1257,1,1,26,400.324,-0.06,-
20,5,1703,1,1,42,569.602,-0.013,-
20,6,1742,1,1,42,595.955,0.038,-
20,7,1429,1,1,58,497.798,-0.014,-
20,8,1389,1,1,58,493.05,-0.023,-
20,9,1200,1,1,74,426.998,-0.076,-
20,10,1245,1,1,74,449.151,-0.032,-
20,11,1389,1,1,90,512.764,-0.076,-
20,12,1431,1,1,90,534.443,-0.034,-
20,13,1350,1,1,106,500.871,-0.007,-
20,14,1343,1,1,106,493.817,-0.021,-
20,15,1433,1,1,122,529.929,-0.042,-
20,16,1054,1,1,122,393.419,-0.31,-
20,17,1322,1,1,138,489.391,-0.057,-
20,18,1446,1,1,138,539.135,0.04,-
20,19,1223,1,1,154,467.899,-0.126,-
20,20,1546,1,1,154,586.985,0.107,-
20,21,1329,1,1,170,495.085,0.045,-
20,22,1489,1,1,170,NA,NA,-
20,23,1029,1,1,186,NA,NA,-
20,24,1535,1,1,186,557.674,0.102,-
20,25,1222,1,1,202,431.69,-0.164,-
20,26,1436,1,1,202,498.256,-0.034,-
20,27,1560,1,1,218,540.642,0.018,-
20,28,1576,1,1,218,541.625,0.02,-
20,29,1570,1,1,234,534.964,0,-
20,30,1655,1,1,234,NA,NA,-
20,31,1267,1,1,250,426.475,-0.047,-
20,32,1246,1,1,250,418.291,-0.063,-
20,33,1623,1,1,266,551.515,-0.003,-
20,34,1558,1,1,266,NA,NA,-
20,35,1448,1,1,282,502.127,0.014,-
20,36,1469,1,1,282,521.064,0.051,-
20,37,957,1,1,298,344.11,-0.145,-
20,38,939,1,1,298,345.655,-0.142,-
20,39,1542,1,1,314,576.459,0.025,-
20,40,1549,1,1,314,576.39,0.025,-
20,41,1388,1,1,330,514.943,-0.013,-
20,42,1423,1,1,330,527.29,0.011,-
20,43,1364,1,1,346,506.233,-0.002,-
20,44,1445,1,1,346,526.779,0.038,-
20,45,1706,1,1,362,593.763,0.126,-
20,46,1553,1,1,362,500.101,-0.057,-
20,47,1653,1,1,378,NA,NA,-
20,48,2095,1,1,378,NA,NA,-
21,1,1948,1,1,11,NA,NA,-
21,2,1952,1,1,11,NA,NA,-
21,3,1437,1,1,27,447.93,-0.178,-
21,4,1547,1,1,27,522.004,-0.033,-
21,5,278,1,1,43,80.05,0.029,-
21,6,252,1,1,43,68.428,0.006,-
21,7,1515,1,1,59,558.471,-0.006,-
21,8,1575,1,1,59,592.55,0.06,-
21,9,1510,1,1,75,570.883,0.065,-
21,10,1453,1,1,75,555.177,0.035,-
21,11,1083,1,1,91,422.965,-0.152,-
21,12,1232,1,1,91,486.972,-0.027,-
21,13,1442,1,1,107,565.48,-0.031,-
21,14,1291,1,1,107,NA,NA,-
21,15,1656,1,1,123,645.868,0.072,-
21,16,1648,1,1,123,644.337,0.069,-
21,17,1438,1,1,139,563.099,0.006,-
21,18,1434,1,1,139,567.668,0.015,-
21,19,1005,1,1,155,414.266,0.073,-
21,20,731,1,1,155,308.349,-0.134,-
21,21,1045,1,1,171,419.446,-0.049,-
21,22,986,1,1,171,391.174,-0.104,-
21,23,1521,1,1,187,594.507,0.017,-
21,24,1438,1,1,187,557.661,-0.055,-
21,25,1387,1,1,203,525.465,-0.086,-
21,26,1470,1,1,203,545.495,-0.047,-
21,27,1512,1,1,219,558.803,0.01,-
21,28,1510,1,1,219,552.799,-0.002,-
21,29,1298,1,1,235,468.03,0.056,-
21,30,1298,1,1,235,465.993,0.052,-
21,31,1368,1,1,251,NA,NA,-
21,32,1249,1,1,251,446.041,-0.013,-
21,33,1636,1,1,267,587.665,0.053,-
21,34,1528,1,1,267,549.489,-0.022,-
21,35,1271,1,1,283,461.804,-0.074,-
21,36,1390,1,1,283,516.98,0.034,-
21,37,1195,1,1,299,453.592,-0.109,-
21,38,1202,1,1,299,465.393,-0.086,-
21,39,993,1,1,315,387.383,0.099,-
21,40,942,1,1,315,366.383,0.058,-
21,41,1489,1,1,331,578.089,0.123,-
21,42,1390,1,1,331,539.079,0.046,-
21,43,996,1,1,347,387.254,-0.029,-
21,44,1125,1,1,347,429.857,0.054,-
21,45,1425,1,1,363,519.494,0.158,-
21,46,1368,1,1,363,461.175,0.044,-
21,47,1622,1,1,379,NA,NA,-
21,48,2088,1,1,379,NA,NA,-
22,1,2259,1,1,11,NA,NA,-
22,2,1884,1,1,11,NA,NA,-
22,3,1730,1,1,27,525.214,-0.027,-
22,4,1695,1,1,27,556.907,0.035,-
22,5,276,1,1,43,80.884,0.031,-
22,6,157,1,1,43,NA,NA,-
22,7,1344,1,1,59,NA,NA,-
22,8,1561,1,1,59,571.166,0.019,-
22,9,1058,1,1,75,NA,NA,-
22,10,1389,1,1,75,516.839,-0.04,-
22,11,1411,1,1,91,536.213,0.07,-
22,12,1284,1,1,91,494.757,-0.011,-
22,13,1488,1,1,107,568.262,-0.026,-
22,14,1550,1,1,107,586.365,0.01,-
22,15,1505,1,1,123,573.664,-0.069,-
22,16,1390,1,1,123,533.451,-0.148,-
22,17,1546,1,1,139,NA,NA,-
22,18,1447,1,1,139,559.834,0,-
22,19,910,1,1,155,372.355,-0.009,-
22,20,1051,1,1,155,425.197,0.094,-
22,21,1047,1,1,171,414.114,-0.059,-
22,22,1294,1,1,171,NA,NA,-
22,23,1445,1,1,187,555.449,-0.06,-
22,24,1377,1,1,187,525.815,-0.118,-
22,25,1633,1,1,203,607.015,0.073,-
22,26,1583,1,1,203,577.499,0.016,-
22,27,1593,1,1,219,579.013,0.049,-
22,28,1585,1,1,219,570.873,0.034,-
22,29,1207,1,1,235,428.5,-0.021,-
22,30,1284,1,1,235,453.706,0.028,-
22,31,1300,1,1,251,458.893,0.012,-
22,32,1281,1,1,251,448.532,-0.008,-
22,33,1701,1,1,267,595.716,0.069,-
22,34,1572,1,1,267,550.244,-0.02,-
22,35,1369,1,1,283,484.266,-0.03,-
22,36,1368,1,1,283,492.49,-0.014,-
22,37,1374,1,1,299,NA,NA,-
22,38,1210,1,1,299,452.074,-0.112,-
22,39,965,1,1,315,362.892,0.051,-
22,40,1150,1,1,315,431.446,0.186,-
22,41,1392,1,1,331,521.01,0.011,-
22,42,1431,1,1,331,535.123,0.038,-
22,43,1029,1,1,347,385.967,-0.032,-
22,44,1225,1,1,347,451.555,0.097,-
22,45,1404,1,1,363,494.156,0.109,-
22,46,1391,1,1,363,452.613,0.028,-
22,47,1655,1,1,379,NA,NA,-
22,48,2161,1,1,379,NA,NA,-
23,1,2218,1,1,12,NA,NA,-
23,2,1551,1,1,12,NA,NA,-
23,3,1763,1,1,28,537.986,0.021,-
23,4,1543,1,1,28,509.72,-0.034,-
23,5,1631,1,1,44,561.778,0.049,-
23,6,1569,1,1,44,553.53,0.033,-
23,7,1401,1,1,60,506.996,-0.066,-
23,8,1380,1,1,60,509.076,-0.062,-
23,9,1458,1,1,76,541.491,0.112,-
23,10,1385,1,1,76,520.392,0.07,-
23,11,1607,1,1,92,NA,NA,-
23,12,1397,1,1,92,542.26,-0.061,-
23,13,1211,1,1,108,470.057,-0.005,-
23,14,1199,1,1,108,462.362,-0.02,-
23,15,1349,1,1,124,521.213,0.099,-
23,16,1287,1,1,124,500.816,0.059,-
23,17,1416,1,1,140,547.292,0.049,-
23,18,1251,1,1,140,493.738,-0.056,-
23,19,1303,1,1,156,524.356,0.053,-
23,20,1367,1,1,156,548.27,0.1,-
23,21,1143,1,1,172,454.715,-0.262,-
23,22,1425,1,1,172,551.552,-0.073,-
23,23,1214,1,1,188,475.633,-0.05,-
23,24,1319,1,1,188,509.6,0.017,-
23,25,0,1,1,204,19.201,-0.002,-
23,26,0,1,1,204,12.839,-0.014,-
23,27,1279,1,1,220,470.074,0.001,-
23,28,1311,1,1,220,476.554,0.014,-
23,29,1412,1,1,236,508.623,0.008,-
23,30,1280,1,1,236,458.038,-0.091,-
23,31,1342,1,1,252,479.416,0.014,-
23,32,1293,1,1,252,457.461,-0.029,-
23,33,1578,1,1,268,554.805,0.059,-
23,34,1524,1,1,268,535.433,0.021,-
23,35,1519,1,1,284,540.269,0.022,-
23,36,1547,1,1,284,558.783,0.058,-
23,37,1480,1,1,300,544.709,0.014,-
23,38,1473,1,1,300,550.339,0.025,-
23,39,1443,1,1,316,542.232,-0.005,-
23,40,1406,1,1,316,525.531,-0.038,-
23,41,1463,1,1,332,545.067,0.009,-
23,42,1372,1,1,332,510.644,-0.058,-
23,43,1279,1,1,348,477.016,0.111,-
23,44,1127,1,1,348,413.634,-0.013,-
23,45,1271,1,1,364,445.5,-0.128,-
23,46,1331,1,1,364,430.977,-0.157,-
23,47,1563,1,1,380,NA,NA,-
23,48,2163,1,1,380,NA,NA,-
24,1,1869,1,1,12,NA,NA,-
24,2,1893,1,1,12,NA,NA,-
24,3,1327,1,1,28,NA,NA,-
24,4,1521,1,1,28,497.186,-0.059,-
24,5,1553,1,1,44,528.68,-0.016,-
24,6,1526,1,1,44,532.214,-0.009,-
24,7,1546,1,1,60,553.735,0.026,-
24,8,1486,1,1,60,541.566,0.002,-
24,9,1289,1,1,76,474.1,-0.02,-
24,10,1327,1,1,76,493.054,0.017,-
24,11,1348,1,1,92,511.126,-0.121,-
24,12,1373,1,1,92,526.361,-0.092,-
24,13,1205,1,1,108,462.77,-0.019,-
24,14,1355,1,1,108,NA,NA,-
24,15,1334,1,1,124,509.168,0.075,-
24,16,1414,1,1,124,539.782,0.135,-
24,17,1419,1,1,140,541.023,0.036,-
24,18,1344,1,1,140,520.634,-0.004,-
24,19,1458,1,1,156,573.002,0.148,-
24,20,1389,1,1,156,547.903,0.099,-
24,21,1427,1,1,172,549.441,-0.077,-
24,22,1686,1,1,172,634.608,0.089,-
24,23,994,1,1,188,390.402,-0.217,-
24,24,1423,1,1,188,539.179,0.075,-
24,25,98,1,1,204,59.813,0.078,-
24,26,232,1,1,204,100.319,0.157,-
24,27,1555,1,1,220,NA,NA,-
24,28,1228,1,1,220,441.51,-0.055,-
24,29,1365,1,1,236,485.664,-0.037,-
24,30,1335,1,1,236,472.033,-0.064,-
24,31,1400,1,1,252,493.403,0.041,-
24,32,1359,1,1,252,473.971,0.003,-
24,33,1560,1,1,268,538.4,0.027,-
24,34,1501,1,1,268,516.908,-0.016,-
24,35,1527,1,1,284,531.538,0.005,-
24,36,1500,1,1,284,529.049,0,-
24,37,1528,1,1,300,548.971,0.022,-
24,38,1420,1,1,300,NA,NA,-
24,39,1477,1,1,316,540.739,-0.008,-
24,40,1455,1,1,316,529.683,-0.03,-
24,41,1416,1,1,332,513.524,-0.053,-
24,42,1468,1,1,332,531.742,-0.017,-
24,43,1150,1,1,348,417.79,-0.005,-
24,44,1088,1,1,348,389.028,-0.061,-
24,45,1481,1,1,364,504.883,-0.012,-
24,46,1604,1,1,364,504.951,-0.012,-
24,47,1641,1,1,380,NA,NA,-
24,48,2007,1,1,380,NA,NA,-
25,1,1820,1,1,13,NA,NA,-
25,2,1835,1,1,13,NA,NA,-
25,3,1358,1,1,29,438.84,0.059,-
25,4,1104,1,1,29,388.099,-0.04,-
25,5,1306,1,1,45,475.57,-0.111,-
25,6,1457,1,1,45,542.255,0.019,-
25,7,602,1,1,61,233.838,-0.007,-
25,8,565,1,1,61,227.243,-0.02,-
25,9,1381,1,1,77,540.04,0.01,-
25,10,1397,1,1,77,551.459,0.032,-
25,11,1362,1,1,93,549.293,0.042,-
25,12,1506,1,1,93,610.804,0.163,-
25,13,1363,1,1,109,552.329,0.13,-
25,14,1327,1,1,109,533.991,0.094,-
25,15,1062,1,1,125,438.145,-0.156,-
25,16,1031,1,1,125,428.688,-0.174,-
25,17,822,1,1,141,351.343,-0.049,-
25,18,865,1,1,141,372.238,-0.008,-
25,19,718,1,1,157,324.605,-0.141,-
25,20,852,1,1,157,374.789,-0.043,-
25,21,706,1,1,173,311.266,-0.116,-
25,22,882,1,1,173,371.908,0.003,-
25,23,1095,1,1,189,451.795,-0.155,-
25,24,1012,1,1,189,416.532,-0.224,-
25,25,1526,1,1,205,597.218,0.047,-
25,26,1545,1,1,205,593.458,0.039,-
25,27,1607,1,1,221,615.491,0.078,-
25,28,1591,1,1,221,605.025,0.057,-
25,29,1115,1,1,237,424.27,-0.049,-
25,30,1277,1,1,237,480.759,0.061,-
25,31,1581,1,1,253,591.202,0.077,-
25,32,1539,1,1,253,569.351,0.035,-
25,33,1267,1,1,269,463.028,-0.032,-
25,34,1284,1,1,269,467.582,-0.023,-
25,35,1498,1,1,285,551.017,0.017,-
25,36,1490,1,1,285,554.619,0.024,-
25,37,1430,1,1,301,541.253,-0.002,-
25,38,1361,1,1,301,521.811,-0.04,-
25,39,1475,1,1,317,568.387,0.016,-
25,40,1483,1,1,317,567.825,0.015,-
25,41,1299,1,1,333,494.933,-0.027,-
25,42,1288,1,1,333,489.856,-0.037,-
25,43,1329,1,1,349,506.322,0.056,-
25,44,1296,1,1,349,485.432,0.015,-
25,45,1518,1,1,365,542.84,0.012,-
25,46,1643,1,1,365,542.552,0.011,-
25,47,1611,1,1,381,NA,NA,-
25,48,1964,1,1,381,NA,NA,-
26,1,1984,1,1,13,NA,NA,-
26,2,1244,1,1,13,NA,NA,-
26,3,1055,1,1,29,369.441,-0.077,-
26,4,1070,1,1,29,399.503,-0.018,-
26,5,1538,1,1,45,579.676,0.093,-
26,6,1472,1,1,45,563.729,0.061,-
26,7,480,1,1,61,NA,NA,-
26,8,536,1,1,61,226.958,-0.021,-
26,9,1388,1,1,77,557.319,0.044,-
26,10,1376,1,1,77,557.975,0.045,-
26,11,1166,1,1,93,487.69,-0.078,-
26,12,1167,1,1,93,493.44,-0.067,-
26,13,1279,1,1,109,533.325,0.092,-
26,14,1269,1,1,109,524.583,0.075,-
26,15,1211,1,1,125,NA,NA,-
26,16,1016,1,1,125,433.527,-0.165,-
26,17,588,1,1,141,NA,NA,-
26,18,793,1,1,141,354.048,-0.044,-
26,19,873,1,1,157,392.007,-0.009,-
26,20,1068,1,1,157,466.094,0.136,-
26,21,919,1,1,173,399.418,0.057,-
26,22,838,1,1,173,364.092,-0.012,-
26,23,1115,1,1,189,469.744,-0.12,-
26,24,1177,1,1,189,489.471,-0.081,-
26,25,1441,1,1,205,577.865,0.009,-
26,26,1422,1,1,205,560.482,-0.025,-
26,27,1509,1,1,221,592.399,0.033,-
26,28,1394,1,1,221,NA,NA,-
26,29,1113,1,1,237,435.183,-0.028,-
26,30,1250,1,1,237,482.743,0.065,-
26,31,1358,1,1,253,520.564,-0.061,-
26,32,1512,1,1,253,571.316,0.038,-
26,33,1141,1,1,269,NA,NA,-
26,34,1271,1,1,269,472.842,-0.012,-
26,35,1454,1,1,285,545.273,0.006,-
26,36,1429,1,1,285,541.623,-0.001,-
26,37,1384,1,1,301,533.221,-0.018,-
26,38,1398,1,1,301,545.246,0.006,-
26,39,1454,1,1,317,569.4,0.018,-
26,40,1452,1,1,317,NA,NA,-
26,41,1293,1,1,333,500.025,-0.017,-
26,42,1254,1,1,333,483.805,-0.049,-
26,43,1348,1,1,349,520.756,0.085,-
26,44,1208,1,1,349,465.193,-0.024,-
26,45,1503,1,1,365,556.858,0.039,-
26,46,1595,1,1,365,550.561,0.027,-
26,47,1583,1,1,381,NA,NA,-
26,48,2040,1,1,381,NA,NA,-
27,1,1900,1,1,14,NA,NA,-
27,2,1677,1,1,14,NA,NA,-
27,3,1523,1,1,30,523.897,0.036,-
27,4,1417,1,1,30,522.943,0.034,-
27,5,1197,1,1,46,457.736,-0.142,-
27,6,1326,1,1,46,504.633,-0.05,-
27,7,1415,1,1,62,548.736,0.055,-
27,8,1373,1,1,62,540.59,0.039,-
27,9,1418,1,1,78,559.634,0.048,-
27,10,1378,1,1,78,549.806,0.028,-
27,11,1167,1,1,94,481.271,0.035,-
27,12,987,1,1,94,418.372,-0.088,-
27,13,1381,1,1,110,562.346,-0.04,-
27,14,1278,1,1,110,518.486,-0.126,-
27,15,1166,1,1,126,479.878,-0.105,-
27,16,1317,1,1,126,536.217,0.005,-
27,17,1185,1,1,142,486.833,-0.132,-
27,18,1443,1,1,142,NA,NA,-
27,19,936,1,1,158,407.232,0.001,-
27,20,975,1,1,158,420.655,0.028,-
27,21,1219,1,1,174,500.817,-0.077,-
27,22,1327,1,1,174,535.063,-0.01,-
27,23,1411,1,1,190,569.09,0.119,-
27,24,1166,1,1,190,475.768,-0.064,-
27,25,869,1,1,206,357.393,-0.013,-
27,26,737,1,1,206,301.887,-0.121,-
27,27,1208,1,1,222,470.966,0.005,-
27,28,1173,1,1,222,454.265,-0.028,-
27,29,1680,1,1,238,634.607,0.411,-
27,30,1512,1,1,238,569.633,0.284,-
27,31,1500,1,1,254,562.599,-0.011,-
27,32,1375,1,1,254,510.059,-0.113,-
27,33,712,1,1,270,265.333,-0.034,-
27,34,615,1,1,270,228.322,-0.106,-
27,35,1500,1,1,286,550.701,0.02,-
27,36,1400,1,1,286,519.576,-0.041,-
27,37,1502,1,1,302,566.088,-0.006,-
27,38,1472,1,1,302,561.079,-0.016,-
27,39,975,1,1,318,374.433,-0.091,-
27,40,1137,1,1,318,432.245,0.022,-
27,41,1063,1,1,334,401.408,0.019,-
27,42,1116,1,1,334,419.716,0.055,-
27,43,1364,1,1,350,NA,NA,-
27,44,1521,1,1,350,573.443,0.005,-
27,45,1321,1,1,366,489.446,-0.068,-
27,46,1476,1,1,366,512.626,-0.023,-
27,47,1560,1,1,382,NA,NA,-
27,48,1928,1,1,382,NA,NA,-
28,1,2037,1,1,14,NA,NA,-
28,2,1840,1,1,14,NA,NA,-
28,3,1422,1,1,30,516.956,0.022,-
28,4,1275,1,1,30,NA,NA,-
28,5,1249,1,1,46,497.755,-0.064,-
28,6,960,1,1,46,392.678,-0.269,-
28,7,1394,1,1,62,555.342,0.068,-
28,8,1170,1,1,62,NA,NA,-
28,9,1309,1,1,78,528.413,-0.014,-
28,10,1300,1,1,78,529.766,-0.011,-
28,11,570,1,1,94,NA,NA,-
28,12,1105,1,1,94,472.141,0.018,-
28,13,1255,1,1,110,523.119,-0.117,-
28,14,1096,1,1,110,459.216,-0.242,-
28,15,1378,1,1,126,562.863,0.057,-
28,16,1225,1,1,126,506.559,-0.053,-
28,17,1259,1,1,142,515.706,-0.076,-
28,18,1190,1,1,142,493.264,-0.12,-
28,19,814,1,1,158,362.642,-0.086,-
28,20,756,1,1,158,339.485,-0.131,-
28,21,1332,1,1,174,539.205,-0.002,-
28,22,1542,1,1,174,609.471,0.136,-
28,23,993,1,1,190,414.721,-0.183,-
28,24,1035,1,1,190,427.161,-0.159,-
28,25,913,1,1,206,375.023,0.022,-
28,26,709,1,1,206,295.804,-0.133,-
28,27,1190,1,1,222,467.484,-0.002,-
28,28,1141,1,1,222,447.086,-0.042,-
28,29,1422,1,1,238,544.593,0.235,-
28,30,1397,1,1,238,531.757,0.21,-
28,31,1370,1,1,254,519.026,-0.096,-
28,32,1444,1,1,254,538.103,-0.059,-
28,33,833,1,1,270,314.551,0.062,-
28,34,866,1,1,270,323.805,0.081,-
28,35,1450,1,1,286,534.226,-0.013,-
28,36,1456,1,1,286,541.039,0.001,-
28,37,1549,1,1,302,583.018,0.027,-
28,38,1455,1,1,302,553.581,-0.031,-
28,39,1152,1,1,318,441.47,0.04,-
28,40,968,1,1,318,369.04,-0.101,-
28,41,1108,1,1,334,417.159,0.05,-
28,42,1122,1,1,334,426.195,0.068,-
28,43,1485,1,1,350,566.091,-0.009,-
28,44,1479,1,1,350,571.199,0.001,-
28,45,1419,1,1,366,541.838,0.034,-
28,46,1460,1,1,366,529.169,0.01,-
28,47,1499,1,1,382,NA,NA,-
28,48,1984,1,1,382,NA,NA,-
29,1,1721,1,1,15,NA,NA,-
29,2,1507,1,1,15,NA,NA,-
29,3,1385,1,1,31,515.833,-0.11,-
29,4,1494,1,1,31,578.445,0.013,-
29,5,996,1,1,47,421.52,-0.107,-
29,6,930,1,1,47,391.768,-0.166,-
29,7,1117,1,1,63,457.483,-0.068,-
29,8,1359,1,1,63,539.68,0.092,-
29,9,1236,1,1,79,497.783,0.011,-
29,10,1199,1,1,79,489.018,-0.006,-
29,11,959,1,1,95,412.706,-0.069,-
29,12,935,1,1,95,407.786,-0.079,-
29,13,1361,1,1,111,553.959,0.136,-
29,14,1371,1,1,111,549.536,0.127,-
29,15,1269,1,1,127,514.269,0.012,-
29,16,1263,1,1,127,509.181,0.002,-
29,17,1323,1,1,143,524.798,0.062,-
29,18,1266,1,1,143,505.386,0.024,-
29,19,1276,1,1,159,514.516,-0.094,-
29,20,1521,1,1,159,598.295,0.07,-
29,21,1391,1,1,175,540.336,-0.049,-
29,22,1481,1,1,175,566.523,0.002,-
29,23,1350,1,1,191,525.177,0.129,-
29,24,1092,1,1,191,433.355,-0.051,-
29,25,1411,1,1,207,536.503,-0.054,-
29,26,1355,1,1,207,510.895,-0.104,-
29,27,1338,1,1,223,NA,NA,-
29,28,1419,1,1,223,534.508,0.014,-
29,29,1370,1,1,239,515.347,0.096,-
29,30,1308,1,1,239,490.526,0.047,-
29,31,1501,1,1,255,553.748,0.161,-
29,32,1238,1,1,255,456.406,-0.029,-
29,33,1386,1,1,271,499.596,-0.046,-
29,34,1449,1,1,271,518.617,-0.008,-
29,35,1278,1,1,287,462.577,-0.013,-
29,36,1231,1,1,287,449.098,-0.04,-
29,37,1376,1,1,303,505.583,-0.067,-
29,38,1191,1,1,303,443.026,-0.19,-
29,39,1434,1,1,319,530.411,0.067,-
29,40,1411,1,1,319,516.545,0.04,-
29,41,1614,1,1,335,583.878,0.005,-
29,42,1619,1,1,335,594.087,0.025,-
29,43,1404,1,1,351,529.458,0.01,-
29,44,1267,1,1,351,NA,NA,-
29,45,1374,1,1,367,529.419,-0.024,-
29,46,1383,1,1,367,511.861,-0.059,-
29,47,1528,1,1,383,NA,NA,-
29,48,1832,1,1,383,NA,NA,-
30,1,1771,1,1,15,NA,NA,-
30,2,1296,1,1,15,NA,NA,-
30,3,1589,1,1,31,599.521,0.054,-
30,4,1347,1,1,31,555.86,-0.032,-
30,5,1215,1,1,47,NA,NA,-
30,6,968,1,1,47,425.158,-0.1,-
30,7,1152,1,1,63,485.954,-0.013,-
30,8,1220,1,1,63,502.113,0.019,-
30,9,1232,1,1,79,507.111,0.03,-
30,10,1189,1,1,79,496.082,0.008,-
30,11,902,1,1,95,403.548,-0.087,-
30,12,958,1,1,95,426.408,-0.042,-
30,13,1303,1,1,111,541.918,0.112,-
30,14,1246,1,1,111,NA,NA,-
30,15,1352,1,1,127,549.258,0.081,-
30,16,903,1,1,127,NA,NA,-
30,17,1053,1,1,143,435.163,-0.114,-
30,18,1194,1,1,143,481.266,-0.023,-
30,19,1304,1,1,159,523,-0.077,-
30,20,1430,1,1,159,563.355,0.002,-
30,21,1409,1,1,175,543.119,-0.044,-
30,22,1380,1,1,175,528.069,-0.073,-
30,23,1339,1,1,191,517.946,0.115,-
30,24,1228,1,1,191,478.158,0.037,-
30,25,1374,1,1,207,522.02,-0.082,-
30,26,1377,1,1,207,518.134,-0.09,-
30,27,1415,1,1,223,535.687,0.016,-
30,28,1442,1,1,223,545.452,0.035,-
30,29,1398,1,1,239,529.352,0.123,-
30,30,904,1,1,239,NA,NA,-
30,31,1275,1,1,255,481.971,0.021,-
30,32,1330,1,1,255,493.993,0.044,-
30,33,1380,1,1,271,503.316,-0.038,-
30,34,1428,1,1,271,516.852,-0.012,-
30,35,1024,1,1,287,381.08,-0.173,-
30,36,1120,1,1,287,415.335,-0.106,-
30,37,1411,1,1,303,521.123,-0.037,-
30,38,1322,1,1,303,492.261,-0.093,-
30,39,1387,1,1,319,514.999,0.037,-
30,40,1307,1,1,319,480.463,-0.03,-
30,41,1484,1,1,335,537.784,-0.085,-
30,42,1670,1,1,335,616.826,0.07,-
30,43,1392,1,1,351,535.866,0.023,-
30,44,1330,1,1,351,532.275,0.016,-
30,45,1464,1,1,367,578.998,0.073,-
30,46,1432,1,1,367,550.115,0.016,-
30,47,1365,1,1,383,NA,NA,-
30,48,1677,1,1,383,NA,NA,-
31,1,1698,1,1,16,NA,NA,-
31,2,1681,1,1,16,NA,NA,-
31,3,1414,1,1,32,NA,NA,-
31,4,1028,1,1,32,NA,NA,-
31,5,1136,1,1,48,NA,NA,-
31,6,1337,1,1,48,NA,NA,-
31,7,1262,1,1,64,NA,NA,-
31,8,1219,1,1,64,NA,NA,-
31,9,1301,1,1,80,NA,NA,-
31,10,1309,1,1,80,NA,NA,-
31,11,1230,1,1,96,NA,NA,-
31,12,1259,1,1,96,NA,NA,-
31,13,1179,1,1,112,NA,NA,-
31,14,1226,1,1,112,NA,NA,-
31,15,1043,1,1,128,NA,NA,-
31,16,1031,1,1,128,NA,NA,-
31,17,1213,1,1,144,NA,NA,-
31,18,1262,1,1,144,NA,NA,-
31,19,1004,1,1,160,NA,NA,-
31,20,1399,1,1,160,NA,NA,-
31,21,1304,1,1,176,NA,NA,-
31,22,1376,1,1,176,NA,NA,-
31,23,1354,1,1,192,NA,NA,-
31,24,1341,1,1,192,NA,NA,-
31,25,1333,1,1,208,NA,NA,-
31,26,1317,1,1,208,NA,NA,-
31,27,1089,1,1,224,NA,NA,-
31,28,1058,1,1,224,NA,NA,-
31,29,994,1,1,240,NA,NA,-
31,30,1153,1,1,240,NA,NA,-
31,31,1272,1,1,256,NA,NA,-
31,32,1351,1,1,256,NA,NA,-
31,33,1137,1,1,272,NA,NA,-
31,34,1394,1,1,272,NA,NA,-
31,35,1440,1,1,288,NA,NA,-
31,36,1310,1,1,288,NA,NA,-
31,37,1291,1,1,304,NA,NA,-
31,38,1404,1,1,304,NA,NA,-
31,39,1403,1,1,320,NA,NA,-
31,40,1372,1,1,320,NA,NA,-
31,41,1303,1,1,336,NA,NA,-
31,42,1321,1,1,336,NA,NA,-
31,43,1263,1,1,352,NA,NA,-
31,44,1308,1,1,352,NA,NA,-
31,45,1362,1,1,368,NA,NA,-
31,46,1446,1,1,368,NA,NA,-
31,47,1554,1,1,384,NA,NA,-
31,48,1223,1,1,384,NA,NA,-
32,1,2825,1,1,16,NA,NA,-
32,2,2541,1,1,16,NA,NA,-
32,3,2278,1,1,32,NA,NA,-
32,4,2054,1,1,32,NA,NA,-
32,5,2168,1,1,48,NA,NA,-
32,6,2003,1,1,48,NA,NA,-
32,7,1877,1,1,64,NA,NA,-
32,8,1844,1,1,64,NA,NA,-
32,9,1885,1,1,80,NA,NA,-
32,10,1847,1,1,80,NA,NA,-
32,11,1621,1,1,96,NA,NA,-
32,12,1798,1,1,96,NA,NA,-
32,13,1466,1,1,112,NA,NA,-
32,14,1402,1,1,112,NA,NA,-
32,15,1401,1,1,128,NA,NA,-
32,16,1452,1,1,128,NA,NA,-
32,17,1415,1,1,144,NA,NA,-
32,18,1397,1,1,144,NA,NA,-
32,19,1328,1,1,160,NA,NA,-
32,20,1479,1,1,160,NA,NA,-
32,21,1534,1,1,176,NA,NA,-
32,22,1384,1,1,176,NA,NA,-
32,23,1408,1,1,192,NA,NA,-
32,24,1255,1,1,192,NA,NA,-
32,25,1369,1,1,208,NA,NA,-
32,26,1227,1,1,208,NA,NA,-
32,27,1464,1,1,224,NA,NA,-
32,28,1293,1,1,224,NA,NA,-
32,29,1360,1,1,240,NA,NA,-
32,30,1080,1,1,240,NA,NA,-
32,31,1353,1,1,256,NA,NA,-
32,32,1732,1,1,256,NA,NA,-
32,33,1554,1,1,272,NA,NA,-
32,34,1728,1,1,272,NA,NA,-
32,35,1647,1,1,288,NA,NA,-
32,36,1932,1,1,288,NA,NA,-
32,37,1922,1,1,304,NA,NA,-
32,38,1892,1,1,304,NA,NA,-
32,39,2042,1,1,320,NA,NA,-
32,40,1913,1,1,320,NA,NA,-
32,41,2030,1,1,336,NA,NA,-
32,42,1829,1,1,336,NA,NA,-
32,43,1869,1,1,352,NA,NA,-
32,44,1964,1,1,352,NA,NA,-
32,45,1742,1,1,368,NA,NA,-
32,46,1711,1,1,368,NA,NA,-
32,47,2154,1,1,384,NA,NA,-
32,48,2643,1,1,384,NA,NA,-